{
 "fhn": [
  [
   0.027692005038261414,
   0.027171337977051735
  ],
  [
   0.0517396405339241,
   0.05015530437231064
  ],
  [
   0.07325849682092667,
   0.07070139050483704
  ],
  [
   0.09278653562068939,
   0.08931697905063629
  ],
  [
   0.11072073876857758,
   0.10637781769037247
  ],
  [
   0.1273615062236786,
   0.12216896563768387
  ],
  [
   0.1429411619901657,
   0.13691124320030212
  ],
  [
   0.1576429009437561,
   0.1507789045572281
  ],
  [
   0.17161361873149872,
   0.16391165554523468
  ],
  [
   0.18497298657894135,
   0.17642317712306976
  ],
  [
   0.19781982898712158,
   0.18840722739696503
  ],
  [
   0.21023687720298767,
   0.19994203746318817
  ],
  [
   0.2222941815853119,
   0.21109361946582794
  ],
  [
   0.23405176401138306,
   0.2219182550907135
  ],
  [
   0.24556156992912292,
   0.23246443271636963
  ],
  [
   0.25686901807785034,
   0.24277424812316895
  ],
  [
   0.26801419258117676,
   0.2528845965862274
  ],
  [
   0.27903270721435547,
   0.2628280520439148
  ],
  [
   0.2899564802646637,
   0.2726336121559143
  ],
  [
   0.30081433057785034,
   0.28232723474502563
  ]
 ],
 "hopf": [
  [
   0.009900662116706371,
   0.009900662116706371,
   0.0,
   0.0
  ],
  [
   0.019605040550231934,
   0.019605040550231934,
   0.00019604526460170746,
   0.00019604526460170746
  ],
  [
   0.029112322255969048,
   0.029112322255969048,
   0.0005803543026559055,
   0.0005803543026559055
  ],
  [
   0.03842140734195709,
   0.03842140734195709,
   0.0011452524922788143,
   0.0011452524922788143
  ],
  [
   0.04753096401691437,
   0.04753096401691437,
   0.0018831479828804731,
   0.0018831479828804731
  ],
  [
   0.05643950402736664,
   0.05643950402736664,
   0.0027865113224834204,
   0.0027865113224834204
  ],
  [
   0.06514541804790497,
   0.06514541804790497,
   0.0038478609640151262,
   0.0038478609640151262
  ],
  [
   0.07364705204963684,
   0.07364705204963684,
   0.0050597526133060455,
   0.0050597526133060455
  ],
  [
   0.08194273710250854,
   0.08194273710250854,
   0.0064147706143558025,
   0.0064147706143558025
  ],
  [
   0.09003085643053055,
   0.09003085643053055,
   0.007905526086688042,
   0.007905526086688042
  ],
  [
   0.09790986776351929,
   0.09790986776351929,
   0.009524653665721416,
   0.009524653665721416
  ],
  [
   0.10557834804058075,
   0.10557834804058075,
   0.011264817789196968,
   0.011264817789196968
  ],
  [
   0.11303503811359406,
   0.11303503811359406,
   0.013118712231516838,
   0.013118712231516838
  ],
  [
   0.12027886509895325,
   0.12027886509895325,
   0.015079069882631302,
   0.015079069882631302
  ],
  [
   0.12730897963047028,
   0.12730897963047028,
   0.01713867299258709,
   0.01713867299258709
  ],
  [
   0.1341247707605362,
   0.1341247707605362,
   0.01929035782814026,
   0.01929035782814026
  ],
  [
   0.14072589576244354,
   0.14072589576244354,
   0.021527033299207687,
   0.021527033299207687
  ],
  [
   0.14711228013038635,
   0.14711228013038635,
   0.02384168654680252,
   0.02384168654680252
  ],
  [
   0.15328416228294373,
   0.15328416228294373,
   0.026227403432130814,
   0.026227403432130814
  ],
  [
   0.15924207866191864,
   0.15924207866191864,
   0.028677375987172127,
   0.028677375987172127
  ]
 ],
 "horn": [
  [
   0.00030463768052868545,
   0.00030463768052868545,
   0.00030463768052868545,
   0.00030463768052868545
  ],
  [
   0.0009131503757089376,
   0.0009131503757089376,
   0.0009131503757089376,
   0.0009131503757089376
  ],
  [
   0.0018246239051222801,
   0.0018246239051222801,
   0.0018246239051222801,
   0.0018246239051222801
  ],
  [
   0.0030379933305084705,
   0.0030379933305084705,
   0.0030379933305084705,
   0.0030379933305084705
  ],
  [
   0.004552043974399567,
   0.004552043974399567,
   0.004552043974399567,
   0.004552043974399567
  ],
  [
   0.006365411914885044,
   0.006365411914885044,
   0.006365411914885044,
   0.006365411914885044
  ],
  [
   0.008476585149765015,
   0.008476585149765015,
   0.008476585149765015,
   0.008476585149765015
  ],
  [
   0.010883905924856663,
   0.010883905924856663,
   0.010883905924856663,
   0.010883905924856663
  ],
  [
   0.013585569337010384,
   0.013585569337010384,
   0.013585569337010384,
   0.013585569337010384
  ],
  [
   0.016579626128077507,
   0.016579626128077507,
   0.016579626128077507,
   0.016579626128077507
  ],
  [
   0.019863983616232872,
   0.019863983616232872,
   0.019863983616232872,
   0.019863983616232872
  ],
  [
   0.0234364066272974,
   0.0234364066272974,
   0.0234364066272974,
   0.0234364066272974
  ],
  [
   0.027294522151350975,
   0.027294522151350975,
   0.027294522151350975,
   0.027294522151350975
  ],
  [
   0.03143581375479698,
   0.03143581375479698,
   0.03143581375479698,
   0.03143581375479698
  ],
  [
   0.035857632756233215,
   0.035857632756233215,
   0.035857632756233215,
   0.035857632756233215
  ],
  [
   0.04055718705058098,
   0.04055718705058098,
   0.04055718705058098,
   0.04055718705058098
  ],
  [
   0.045531559735536575,
   0.045531559735536575,
   0.045531559735536575,
   0.045531559735536575
  ],
  [
   0.05077769234776497,
   0.05077769234776497,
   0.05077769234776497,
   0.05077769234776497
  ],
  [
   0.056292399764060974,
   0.056292399764060974,
   0.056292399764060974,
   0.056292399764060974
  ],
  [
   0.06207237020134926,
   0.06207237020134926,
   0.06207237020134926,
   0.06207237020134926
  ]
 ],
 "jansen": [
  [
   0.0,
   0.0,
   0.0
  ],
  [
   -3.673594619613141e-06,
   -3.673594619613141e-06,
   -3.673594619613141e-06
  ],
  [
   -1.1558848200365901e-05,
   -1.1558848200365901e-05,
   -1.1558848200365901e-05
  ],
  [
   -2.417954965494573e-05,
   -2.417954965494573e-05,
   -2.417954965494573e-05
  ],
  [
   -4.204572178423405e-05,
   -4.204572178423405e-05,
   -4.204572178423405e-05
  ],
  [
   -6.565364310517907e-05,
   -6.565364310517907e-05,
   -6.565364310517907e-05
  ],
  [
   -9.54862916842103e-05,
   -9.54862916842103e-05,
   -9.54862916842103e-05
  ],
  [
   -0.00013201311230659485,
   -0.00013201311230659485,
   -0.00013201311230659485
  ],
  [
   -0.00017569120973348618,
   -0.00017569120973348618,
   -0.00017569120973348618
  ],
  [
   -0.00022696470841765404,
   -0.00022696470841765404,
   -0.00022696470841765404
  ],
  [
   -0.0002862652763724327,
   -0.0002862652763724327,
   -0.0002862652763724327
  ],
  [
   -0.0003540122415870428,
   -0.0003540122415870428,
   -0.0003540122415870428
  ],
  [
   -0.00043061375617980957,
   -0.00043061375617980957,
   -0.00043061375617980957
  ],
  [
   -0.0005164649337530136,
   -0.0005164649337530136,
   -0.0005164649337530136
  ],
  [
   -0.0006119506433606148,
   -0.0006119506433606148,
   -0.0006119506433606148
  ],
  [
   -0.0007174438796937466,
   -0.0007174438796937466,
   -0.0007174438796937466
  ],
  [
   -0.0008333069272339344,
   -0.0008333069272339344,
   -0.0008333069272339344
  ],
  [
   -0.0009598899632692337,
   -0.0009598899632692337,
   -0.0009598899632692337
  ],
  [
   -0.0010975347831845284,
   -0.0010975347831845284,
   -0.0010975347831845284
  ],
  [
   -0.0012465715408325195,
   -0.0012465715408325195,
   -0.0012465715408325195
  ]
 ],